episode,t,phase_before,role_before,obs-context,action,reward,captured,terminated,truncated,phase_after,next-context,V_t,V_next,MC return,GAE return,GAE 256 return
1,2999,pure_coverage,"[""coverage"",""coverage"",""coverage"",""coverage""]","[0.0,0.0,1.0,0.00033333332976326346,0.0,0.0,0.0,0.0,1.0,1.0,0.0,0.0,0.0,0.0,0.0,0.0,0.0,0.0,0.0,0.0,0.0,0.0,0.0,0.0,0.0,0.0,0.0,0.0,0.0,0.0,0.0,0.0,0.0,0.0,0.0,0.0,0.0,0.0,0.0,0.0,0.0,0.0,0.0,0.0,0.0,0.0,0.0,0.0,0.0,0.0]","[4,4,4,4]","[-0.6405743360519409,-2.710427761077881,-0.9399220943450928,-0.7130964398384094]",False,"[false,false,false,false]","[true,true,true,true]",pure_coverage,"[0.0,0.0,1.0,0.0,0.0,0.0,0.0,0.0,1.0,1.0,0.0,0.0,0.0,0.0,0.0,0.0,0.0,0.0,0.0,0.0,0.0,0.0,0.0,0.0,0.0,0.0,0.0,0.0,0.0,0.0,0.0,0.0,0.0,0.0,0.0,0.0,0.0,0.0,0.0,0.0,0.0,0.0,0.0,0.0,0.0,0.0,0.0,0.0,0.0,0.0]","[-5.1279296875,-10.434755325317383,-8.280500411987305,-7.633949279785156]","[-5.1279296875,-10.434755325317383,-8.280500411987305,-7.633949279785156]",null,"[-5.717225074768066,-13.040836334228516,-9.137618064880371,-8.270706176757812]","[-5.717225074768066,-13.040836334228516,-9.137618064880371,-8.270706176757812]"
2,0,pre_capture,"[""coverage"",""support"",""support"",""capture""]","[1.0,0.0,0.0,1.0,0.0,0.0,0.0,0.0,1.0,1.0,0.0,0.0,0.0,1.0,0.0,0.0,0.0,1.0,0.0,0.0,0.0,0.0,0.0,0.0,0.0,0.0,1.0,0.0,0.0,0.0,0.0,0.0,0.0,0.0,0.0,0.0,0.0,0.0,0.0,0.0,0.0,0.0,0.0,0.0,0.0,0.0,0.0,0.0,0.0,0.0]","[4,4,4,4]","[-0.08937147259712219,-0.22356773912906647,-0.026713399216532707,0.0]",False,"[false,false,false,false]","[false,false,false,false]",pre_capture,"[1.0,0.0,0.0,0.999666690826416,0.0,0.0,0.0,0.0,1.0,1.0,0.0,0.0,0.0,1.0,0.0,0.0,0.0,1.0,0.0,0.0,0.0,0.0,0.0,0.0,0.0,0.0,1.0,0.0,0.0,0.0,0.0,0.0,0.0,0.0,0.0,0.0,0.0,0.0,0.0,0.0,0.0,0.0,0.0,0.0,0.0,0.0,0.0,0.0,0.0,0.0]","[37.5571174621582,42.487083435058594,35.49603271484375,109.98397827148438]","[35.63873291015625,40.35219192504883,33.66552734375,108.5301513671875]",null,"[31.95737075805664,35.68036651611328,31.416641235351562,94.77789306640625]","[31.95737075805664,35.68036651611328,31.416641235351562,94.77789306640625]"
2,1,pre_capture,"[""coverage"",""support"",""support"",""capture""]","[1.0,0.0,0.0,0.999666690826416,0.0,0.0,0.0,0.0,1.0,1.0,0.0,0.0,0.0,1.0,0.0,0.0,0.0,1.0,0.0,0.0,0.0,0.0,0.0,0.0,0.0,0.0,1.0,0.0,0.0,0.0,0.0,0.0,0.0,0.0,0.0,0.0,0.0,0.0,0.0,0.0,0.0,0.0,0.0,0.0,0.0,0.0,0.0,0.0,0.0,0.0]","[4,4,4,4]","[-0.08937147259712219,-0.2717013657093048,-0.07385226339101791,0.0]",False,"[false,false,false,false]","[false,false,false,false]",pre_capture,"[1.0,0.0,0.0,0.9993333220481873,0.0,0.0,0.0,0.0,1.0,1.0,0.0,0.0,0.0,1.0,0.0,0.0,0.0,1.0,0.0,0.0,0.0,0.0,0.0,0.0,0.0,0.0,1.0,0.0,0.0,0.0,0.0,0.0,0.0,0.0,0.0,0.0,0.0,0.0,0.0,0.0,0.0,0.0,0.0,0.0,0.0,0.0,0.0,0.0,0.0,0.0]","[35.63873291015625,40.35219192504883,33.66552734375,108.5301513671875]","[34.21194839477539,38.76471710205078,32.33351135253906,107.0665512084961]",null,"[32.19843292236328,36.05156707763672,31.660722732543945,95.06183624267578]","[32.19843292236328,36.05156707763672,31.660722732543945,95.06183624267578]"
2,2,pre_capture,"[""coverage"",""support"",""support"",""capture""]","[1.0,0.0,0.0,0.9993333220481873,0.0,0.0,0.0,0.0,1.0,1.0,0.0,0.0,0.0,1.0,0.0,0.0,0.0,1.0,0.0,0.0,0.0,0.0,0.0,0.0,0.0,0.0,1.0,0.0,0.0,0.0,0.0,0.0,0.0,0.0,0.0,0.0,0.0,0.0,0.0,0.0,0.0,0.0,0.0,0.0,0.0,0.0,0.0,0.0,0.0,0.0]","[4,4,4,4]","[-0.08937147259712219,-0.3143313527107239,-0.12178289145231247,0.0]",False,"[false,false,false,false]","[false,false,false,false]",pre_capture,"[1.0,0.0,0.0,0.9990000128746033,0.0,0.0,0.0,0.0,1.0,1.0,0.0,0.0,0.0,1.0,0.0,0.0,0.0,1.0,0.0,0.0,0.0,0.0,0.0,0.0,0.0,0.0,1.0,0.0,0.0,0.0,0.0,0.0,0.0,0.0,0.0,0.0,0.0,0.0,0.0,0.0,0.0,0.0,0.0,0.0,0.0,0.0,0.0,0.0,0.0,0.0]","[34.21194839477539,38.76471710205078,32.33351135253906,107.0665512084961]","[33.00567626953125,37.48318862915039,31.171663284301758,105.68875885009766]",null,"[32.52983474731445,36.58098602294922,32.04047393798828,95.44076538085938]","[32.52983474731445,36.58098602294922,32.04047393798828,95.44076538085938]"
2,3,pre_capture,"[""coverage"",""support"",""support"",""capture""]","[1.0,0.0,0.0,0.9990000128746033,0.0,0.0,0.0,0.0,1.0,1.0,0.0,0.0,0.0,1.0,0.0,0.0,0.0,1.0,0.0,0.0,0.0,0.0,0.0,0.0,0.0,0.0,1.0,0.0,0.0,0.0,0.0,0.0,0.0,0.0,0.0,0.0,0.0,0.0,0.0,0.0,0.0,0.0,0.0,0.0,0.0,0.0,0.0,0.0,0.0,0.0]","[4,4,4,4]","[-0.08937147259712219,-0.3428534269332886,-0.16105137765407562,0.0]",False,"[false,false,false,false]","[false,false,false,false]",pre_capture,"[1.0,0.0,0.0,0.9986666440963745,0.0,0.0,0.0,0.0,1.0,1.0,0.0,0.0,0.0,1.0,0.0,0.0,0.0,1.0,0.0,0.0,0.0,0.0,0.0,0.0,0.0,0.0,1.0,0.0,0.0,0.0,0.0,0.0,0.0,0.0,0.0,0.0,0.0,0.0,0.0,0.0,0.0,0.0,0.0,0.0,0.0,0.0,0.0,0.0,0.0,0.0]","[33.00567626953125,37.48318862915039,31.171663284301758,105.68875885009766]","[32.24250030517578,36.811668395996094,30.4208984375,104.70770263671875]",null,"[32.9456901550293,37.25667190551758,32.55636215209961,95.91618347167969]","[32.9456901550293,37.25667190551758,32.55636215209961,95.91618347167969]"
2,4,pre_capture,"[""coverage"",""support"",""support"",""capture""]","[1.0,0.0,0.0,0.9986666440963745,0.0,0.0,0.0,0.0,1.0,1.0,0.0,0.0,0.0,1.0,0.0,0.0,0.0,1.0,0.0,0.0,0.0,0.0,0.0,0.0,0.0,0.0,1.0,0.0,0.0,0.0,0.0,0.0,0.0,0.0,0.0,0.0,0.0,0.0,0.0,0.0,0.0,0.0,0.0,0.0,0.0,0.0,0.0,0.0,0.0,0.0]","[4,4,4,4]","[-0.08937147259712219,-0.35085979104042053,-0.1838461309671402,0.0]",False,"[false,false,false,false]","[false,false,false,false]",pre_capture,"[1.0,0.0,0.0,0.9983333349227905,0.0,0.0,0.0,0.0,1.0,1.0,0.0,0.0,0.0,1.0,0.0,0.0,0.0,1.0,0.0,0.0,0.0,0.0,0.0,0.0,0.0,0.0,1.0,0.0,0.0,0.0,0.0,0.0,0.0,0.0,0.0,0.0,0.0,0.0,0.0,0.0,0.0,0.0,0.0,0.0,0.0,0.0,0.0,0.0,0.0,0.0]","[32.24250030517578,36.811668395996094,30.4208984375,104.70770263671875]","[32.0008544921875,36.7132568359375,30.136428833007812,104.19329071044922]",null,"[33.42802429199219,38.040771484375,33.186153411865234,96.47330474853516]","[33.42802429199219,38.040771484375,33.186153411865234,96.47330474853516]"
2,5,pre_capture,"[""coverage"",""support"",""support"",""capture""]","[1.0,0.0,0.0,0.9983333349227905,0.0,0.0,0.0,0.0,1.0,1.0,0.0,0.0,0.0,1.0,0.0,0.0,0.0,1.0,0.0,0.0,0.0,0.0,0.0,0.0,0.0,0.0,1.0,0.0,0.0,0.0,0.0,0.0,0.0,0.0,0.0,0.0,0.0,0.0,0.0,0.0,0.0,0.0,0.0,0.0,0.0,0.0,0.0,0.0,0.0,0.0]","[4,4,4,4]","[-0.08937147259712219,-0.33473193645477295,-0.1848881095647812,0.0]",False,"[false,false,false,false]","[false,false,false,false]",pre_capture,"[1.0,0.0,0.0,0.9980000257492065,0.0,0.0,0.0,0.0,1.0,1.0,0.0,0.0,0.0,1.0,0.0,0.0,0.0,1.0,0.0,0.0,0.0,0.0,0.0,0.0,0.0,0.0,1.0,0.0,0.0,0.0,0.0,0.0,0.0,0.0,0.0,0.0,0.0,0.0,0.0,0.0,0.0,0.0,0.0,0.0,0.0,0.0,0.0,0.0,0.0,0.0]","[32.0008544921875,36.7132568359375,30.136428833007812,104.19329071044922]","[31.835254669189453,36.61796569824219,29.926815032958984,103.76736450195312]",null,"[33.953590393066406,38.8881721496582,33.89500045776367,97.09275817871094]","[33.953590393066406,38.8881721496582,33.89500045776367,97.09275817871094]"
2,6,pre_capture,"[""coverage"",""support"",""support"",""capture""]","[1.0,0.0,0.0,0.9980000257492065,0.0,0.0,0.0,0.0,1.0,1.0,0.0,0.0,0.0,1.0,0.0,0.0,0.0,1.0,0.0,0.0,0.0,0.0,0.0,0.0,0.0,0.0,1.0,0.0,0.0,0.0,0.0,0.0,0.0,0.0,0.0,0.0,0.0,0.0,0.0,0.0,0.0,0.0,0.0,0.0,0.0,0.0,0.0,0.0,0.0,0.0]","[4,4,4,4]","[-0.08937147259712219,-0.2871931791305542,-0.1498553305864334,0.0]",False,"[false,false,false,false]","[false,false,false,false]",pre_capture,"[1.0,0.0,0.0,0.9976666569709778,0.0,0.0,0.0,0.0,1.0,1.0,0.0,0.0,0.0,1.0,0.0,0.0,0.0,1.0,0.0,0.0,0.0,0.0,0.0,0.0,0.0,0.0,1.0,0.0,0.0,0.0,0.0,0.0,0.0,0.0,0.0,0.0,0.0,0.0,0.0,0.0,0.0,0.0,0.0,0.0,0.0,0.0,0.0,0.0,0.0,0.0]","[31.835254669189453,36.61796569824219,29.926815032958984,103.76736450195312]","[31.98940658569336,36.87853240966797,30.026077270507812,103.45834350585938]",null,"[34.521121978759766,39.77705001831055,34.660831451416016,97.77381134033203]","[34.521121978759766,39.77705001831055,34.660831451416016,97.77381134033203]"
2,7,pre_capture,"[""coverage"",""support"",""support"",""capture""]","[1.0,0.0,0.0,0.9976666569709778,0.0,0.0,0.0,0.0,1.0,1.0,0.0,0.0,0.0,1.0,0.0,0.0,0.0,1.0,0.0,0.0,0.0,0.0,0.0,0.0,0.0,0.0,1.0,0.0,0.0,0.0,0.0,0.0,0.0,0.0,0.0,0.0,0.0,0.0,0.0,0.0,0.0,0.0,0.0,0.0,0.0,0.0,0.0,0.0,0.0,0.0]","[4,4,4,4]","[-0.08937147259712219,-0.22547611594200134,-0.0974191278219223,0.0]",False,"[false,false,false,false]","[false,false,false,false]",pre_capture,"[1.0,0.0,0.0,0.9973333477973938,0.0,0.0,0.0,0.0,1.0,1.0,0.0,0.0,0.0,1.0,0.0,0.0,0.0,1.0,0.0,0.0,0.0,0.0,0.0,0.0,0.0,0.0,1.0,0.0,0.0,0.0,0.0,0.0,0.0,0.0,0.0,0.0,0.0,0.0,0.0,0.0,0.0,0.0,0.0,0.0,0.0,0.0,0.0,0.0,0.0,0.0]","[31.98940658569336,36.87853240966797,30.026077270507812,103.45834350585938]","[32.515899658203125,37.53935623168945,30.527360916137695,103.75576782226562]",null,"[35.1164436340332,40.657901763916016,35.43263626098633,98.51422119140625]","[35.1164436340332,40.657901763916016,35.43263626098633,98.51422119140625]"
2,8,pre_capture,"[""coverage"",""support"",""support"",""capture""]","[1.0,0.0,0.0,0.9973333477973938,0.0,0.0,0.0,0.0,1.0,1.0,0.0,0.0,0.0,1.0,0.0,0.0,0.0,1.0,0.0,0.0,0.0,0.0,0.0,0.0,0.0,0.0,1.0,0.0,0.0,0.0,0.0,0.0,0.0,0.0,0.0,0.0,0.0,0.0,0.0,0.0,0.0,0.0,0.0,0.0,0.0,0.0,0.0,0.0,0.0,0.0]","[4,4,4,4]","[-0.08937147259712219,-0.1596486121416092,-0.03846856579184532,0.0]",False,"[false,false,false,false]","[false,false,false,false]",pre_capture,"[1.0,0.0,0.0,0.996999979019165,0.0,0.0,0.0,0.0,1.0,1.0,0.0,0.0,0.0,1.0,0.0,0.0,0.0,1.0,0.0,0.0,0.0,0.0,0.0,0.0,0.0,0.0,1.0,0.0,0.0,0.0,0.0,0.0,0.0,0.0,0.0,0.0,0.0,0.0,0.0,0.0,0.0,0.0,0.0,0.0,0.0,0.0,0.0,0.0,0.0,0.0]","[32.515899658203125,37.53935623168945,30.527360916137695,103.75576782226562]","[33.24188995361328,38.33458709716797,31.217737197875977,104.4307861328125]",null,"[35.721717834472656,41.494075775146484,36.17113494873047,99.28582000732422]","[35.721717834472656,41.494075775146484,36.17113494873047,99.28582000732422]"
2,9,pre_capture,"[""coverage"",""support"",""support"",""capture""]","[1.0,0.0,0.0,0.996999979019165,0.0,0.0,0.0,0.0,1.0,1.0,0.0,0.0,0.0,1.0,0.0,0.0,0.0,1.0,0.0,0.0,0.0,0.0,0.0,0.0,0.0,0.0,1.0,0.0,0.0,0.0,0.0,0.0,0.0,0.0,0.0,0.0,0.0,0.0,0.0,0.0,0.0,0.0,0.0,0.0,0.0,0.0,0.0,0.0,0.0,0.0]","[4,4,4,4]","[-0.08937147259712219,-0.10028686374425888,0.025657765567302704,0.0]",False,"[false,false,false,false]","[false,false,false,false]",pre_capture,"[1.0,0.0,0.0,0.996666669845581,0.0,0.0,0.0,0.0,1.0,1.0,0.0,0.0,0.0,1.0,0.0,0.0,0.0,1.0,0.0,0.0,0.0,0.0,0.0,0.0,0.0,0.0,1.0,0.0,0.0,0.0,0.0,0.0,0.0,0.0,0.0,0.0,0.0,0.0,0.0,0.0,0.0,0.0,0.0,0.0,0.0,0.0,0.0,0.0,0.0,0.0]","[33.24188995361328,38.33458709716797,31.217737197875977,104.4307861328125]","[34.263404846191406,39.448936462402344,32.22502136230469,105.29471588134766]",null,"[36.32707595825195,42.271305084228516,36.857337951660156,100.0707015991211]","[36.32707595825195,42.271305084228516,36.857337951660156,100.0707015991211]"
2,10,pre_capture,"[""coverage"",""support"",""support"",""capture""]","[1.0,0.0,0.0,0.996666669845581,0.0,0.0,0.0,0.0,1.0,1.0,0.0,0.0,0.0,1.0,0.0,0.0,0.0,1.0,0.0,0.0,0.0,0.0,0.0,0.0,0.0,0.0,1.0,0.0,0.0,0.0,0.0,0.0,0.0,0.0,0.0,0.0,0.0,0.0,0.0,0.0,0.0,0.0,0.0,0.0,0.0,0.0,0.0,0.0,0.0,0.0]","[4,4,4,4]","[-0.08937147259712219,-0.03917068988084793,0.09016962349414825,0.0]",False,"[false,false,false,false]","[false,false,false,false]",pre_capture,"[1.0,0.0,0.0,0.9963333606719971,0.0,0.0,0.0,0.0,1.0,1.0,0.0,0.0,0.0,1.0,0.0,0.0,0.0,1.0,0.0,0.0,0.0,0.0,0.0,0.0,0.0,0.0,1.0,0.0,0.0,0.0,0.0,0.0,0.0,0.0,0.0,0.0,0.0,0.0,0.0,0.0,0.0,0.0,0.0,0.0,0.0,0.0,0.0,0.0,0.0,0.0]","[34.263404846191406,39.448936462402344,32.22502136230469,105.29471588134766]","[35.70583724975586,40.967689514160156,33.703819274902344,106.36882019042969]",null,"[36.91696548461914,42.9759407043457,37.46575164794922,100.85977172851562]","[36.91696548461914,42.9759407043457,37.46575164794922,100.85977172851562]"
2,11,pre_capture,"[""coverage"",""support"",""support"",""capture""]","[1.0,0.0,0.0,0.9963333606719971,0.0,0.0,0.0,0.0,1.0,1.0,0.0,0.0,0.0,1.0,0.0,0.0,0.0,1.0,0.0,0.0,0.0,0.0,0.0,0.0,0.0,0.0,1.0,0.0,0.0,0.0,0.0,0.0,0.0,0.0,0.0,0.0,0.0,0.0,0.0,0.0,0.0,0.0,0.0,0.0,0.0,0.0,0.0,0.0,0.0,0.0]","[4,4,4,4]","[-0.08937147259712219,0.006668072193861008,0.14000743627548218,0.0]",False,"[false,false,false,false]","[false,false,false,false]",pre_capture,"[1.0,0.0,0.0,0.9959999918937683,0.0,0.0,0.0,0.0,1.0,1.0,0.0,0.0,0.0,1.0,0.0,0.0,0.0,1.0,0.0,0.0,0.0,0.0,0.0,0.0,0.0,0.0,1.0,0.0,0.0,0.0,0.0,0.0,0.0,0.0,0.0,0.0,0.0,0.0,0.0,0.0,0.0,0.0,0.0,0.0,0.0,0.0,0.0,0.0,0.0,0.0]","[35.70583724975586,40.967689514160156,33.703819274902344,106.36882019042969]","[36.58653259277344,41.855064392089844,34.620155334472656,106.94600677490234]",null,"[37.46826171875,43.580230712890625,37.96623229980469,101.64222717285156]","[37.46826171875,43.580230712890625,37.96623229980469,101.64222717285156]"
2,12,pre_capture,"[""coverage"",""support"",""support"",""capture""]","[1.0,0.0,0.0,0.9959999918937683,0.0,0.0,0.0,0.0,1.0,1.0,0.0,0.0,0.0,1.0,0.0,0.0,0.0,1.0,0.0,0.0,0.0,0.0,0.0,0.0,0.0,0.0,1.0,0.0,0.0,0.0,0.0,0.0,0.0,0.0,0.0,0.0,0.0,0.0,0.0,0.0,0.0,0.0,0.0,0.0,0.0,0.0,0.0,0.0,0.0,0.0]","[4,4,4,4]","[-0.08937147259712219,0.006062902510166168,0.14468969404697418,0.0]",False,"[false,false,false,false]","[false,false,false,false]",pre_capture,"[1.0,0.0,0.0,0.9956666827201843,0.0,0.0,0.0,0.0,1.0,1.0,0.0,0.0,0.0,1.0,0.0,0.0,0.0,1.0,0.0,0.0,0.0,0.0,0.0,0.0,0.0,0.0,1.0,0.0,0.0,0.0,0.0,0.0,0.0,0.0,0.0,0.0,0.0,0.0,0.0,0.0,0.0,0.0,0.0,0.0,0.0,0.0,0.0,0.0,0.0,0.0]","[36.58653259277344,41.855064392089844,34.620155334472656,106.94600677490234]","[36.57463836669922,41.839107513427734,34.61091613769531,106.9008560180664]",null,"[38.008079528808594,44.1273078918457,38.39716339111328,102.44380187988281]","[38.008079528808594,44.1273078918457,38.39716339111328,102.44380187988281]"
2,13,pre_capture,"[""coverage"",""support"",""support"",""capture""]","[1.0,0.0,0.0,0.9956666827201843,0.0,0.0,0.0,0.0,1.0,1.0,0.0,0.0,0.0,1.0,0.0,0.0,0.0,1.0,0.0,0.0,0.0,0.0,0.0,0.0,0.0,0.0,1.0,0.0,0.0,0.0,0.0,0.0,0.0,0.0,0.0,0.0,0.0,0.0,0.0,0.0,0.0,0.0,0.0,0.0,0.0,0.0,0.0,0.0,0.0,0.0]","[4,4,4,4]","[-0.08937147259712219,-0.006140443030744791,0.1338736116886139,0.0]",False,"[false,false,false,false]","[false,false,false,false]",pre_capture,"[1.0,0.0,0.0,0.9953333139419556,0.0,0.0,0.0,0.0,1.0,1.0,0.0,0.0,0.0,1.0,0.0,0.0,0.0,1.0,0.0,0.0,0.0,0.0,0.0,0.0,0.0,0.0,1.0,0.0,0.0,0.0,0.0,0.0,0.0,0.0,0.0,0.0,0.0,0.0,0.0,0.0,0.0,0.0,0.0,0.0,0.0,0.0,0.0,0.0,0.0,0.0]","[36.57463836669922,41.839107513427734,34.61091613769531,106.9008560180664]","[36.56474304199219,41.822998046875,34.60129165649414,106.86671447753906]",null,"[38.582672119140625,44.710487365722656,38.850852966308594,103.29846954345703]","[38.582672119140625,44.710487365722656,38.850852966308594,103.29846954345703]"
2,14,pre_capture,"[""coverage"",""support"",""support"",""capture""]","[1.0,0.0,0.0,0.9953333139419556,0.0,0.0,0.0,0.0,1.0,1.0,0.0,0.0,0.0,1.0,0.0,0.0,0.0,1.0,0.0,0.0,0.0,0.0,0.0,0.0,0.0,0.0,1.0,0.0,0.0,0.0,0.0,0.0,0.0,0.0,0.0,0.0,0.0,0.0,0.0,0.0,0.0,0.0,0.0,0.0,0.0,0.0,0.0,0.0,0.0,0.0]","[4,4,4,4]","[-0.08937147259712219,0.0087599977850914,0.14861667156219482,0.0]",False,"[false,false,false,false]","[false,false,false,false]",pre_capture,"[1.0,0.0,0.0,0.9950000047683716,0.0,0.0,0.0,0.0,1.0,1.0,0.0,0.0,0.0,1.0,0.0,0.0,0.0,1.0,0.0,0.0,0.0,0.0,0.0,0.0,0.0,0.0,1.0,0.0,0.0,0.0,0.0,0.0,0.0,0.0,0.0,0.0,0.0,0.0,0.0,0.0,0.0,0.0,0.0,0.0,0.0,0.0,0.0,0.0,0.0,0.0]","[36.56474304199219,41.822998046875,34.60129165649414,106.86671447753906]","[37.633872985839844,42.927818298339844,35.71434020996094,107.80828857421875]",null,"[39.19413757324219,45.34437942504883,39.34526062011719,104.20899963378906]","[39.19413757324219,45.34437942504883,39.34526062011719,104.20899963378906]"
2,15,pre_capture,"[""coverage"",""support"",""support"",""capture""]","[1.0,0.0,0.0,0.9950000047683716,0.0,0.0,0.0,0.0,1.0,1.0,0.0,0.0,0.0,1.0,0.0,0.0,0.0,1.0,0.0,0.0,0.0,0.0,0.0,0.0,0.0,0.0,1.0,0.0,0.0,0.0,0.0,0.0,0.0,0.0,0.0,0.0,0.0,0.0,0.0,0.0,0.0,0.0,0.0,0.0,0.0,0.0,0.0,0.0,0.0,0.0]","[4,4,4,4]","[-0.08937147259712219,0.041524045169353485,0.18984660506248474,0.0]",False,"[false,false,false,false]","[false,false,false,false]",pre_capture,"[1.0,0.0,0.0,0.9946666955947876,0.0,0.0,0.0,0.0,1.0,1.0,0.0,0.0,0.0,1.0,0.0,0.0,0.0,1.0,0.0,0.0,0.0,0.0,0.0,0.0,0.0,0.0,1.0,0.0,0.0,0.0,0.0,0.0,0.0,0.0,0.0,0.0,0.0,0.0,0.0,0.0,0.0,0.0,0.0,0.0,0.0,0.0,0.0,0.0,0.0,0.0]","[37.633872985839844,42.927818298339844,35.71434020996094,107.80828857421875]","[39.541778564453125,44.881103515625,37.71513748168945,109.1465835571289]",null,"[39.788021087646484,45.94438552856445,39.79668426513672,105.12757873535156]","[39.788021087646484,45.94438552856445,39.79668426513672,105.12757873535156]"
2,16,pre_capture,"[""coverage"",""support"",""support"",""capture""]","[1.0,0.0,0.0,0.9946666955947876,0.0,0.0,0.0,0.0,1.0,1.0,0.0,0.0,0.0,1.0,0.0,0.0,0.0,1.0,0.0,0.0,0.0,0.0,0.0,0.0,0.0,0.0,1.0,0.0,0.0,0.0,0.0,0.0,0.0,0.0,0.0,0.0,0.0,0.0,0.0,0.0,0.0,0.0,0.0,0.0,0.0,0.0,0.0,0.0,0.0,0.0]","[4,4,4,4]","[-0.08937147259712219,0.04504058510065079,0.21446815133094788,0.0]",False,"[false,false,false,false]","[false,false,false,false]",pre_capture,"[1.0,0.0,0.0,0.9943333268165588,0.0,0.0,0.0,0.0,1.0,1.0,0.0,0.0,0.0,1.0,0.0,0.0,0.0,1.0,0.0,0.0,0.0,0.0,0.0,0.0,0.0,0.0,1.0,0.0,0.0,0.0,0.0,0.0,0.0,0.0,0.0,0.0,0.0,0.0,0.0,0.0,0.0,0.0,0.0,0.0,0.0,0.0,0.0,0.0,0.0,0.0]","[39.541778564453125,44.881103515625,37.71513748168945,109.1465835571289]","[41.00949478149414,46.610191345214844,39.39208221435547,109.8354721069336]",null,"[40.319053649902344,46.444705963134766,40.12752914428711,106.03382873535156]","[40.319053649902344,46.444705963134766,40.12752914428711,106.03382873535156]"
2,17,pre_capture,"[""coverage"",""support"",""support"",""capture""]","[1.0,0.0,0.0,0.9943333268165588,0.0,0.0,0.0,0.0,1.0,1.0,0.0,0.0,0.0,1.0,0.0,0.0,0.0,1.0,0.0,0.0,0.0,0.0,0.0,0.0,0.0,0.0,1.0,0.0,0.0,0.0,0.0,0.0,0.0,0.0,0.0,0.0,0.0,0.0,0.0,0.0,0.0,0.0,0.0,0.0,0.0,0.0,0.0,0.0,0.0,0.0]","[4,4,4,4]","[-0.08937147259712219,0.05345635116100311,0.24434155225753784,0.0]",False,"[false,false,false,false]","[false,false,false,false]",pre_capture,"[1.0,0.0,0.0,0.9940000176429749,0.0,0.0,0.0,0.0,1.0,1.0,0.0,0.0,0.0,1.0,0.0,0.0,0.0,1.0,0.0,0.0,0.0,0.0,0.0,0.0,0.0,0.0,1.0,0.0,0.0,0.0,0.0,0.0,0.0,0.0,0.0,0.0,0.0,0.0,0.0,0.0,0.0,0.0,0.0,0.0,0.0,0.0,0.0,0.0,0.0,0.0]","[41.00949478149414,46.610191345214844,39.39208221435547,109.8354721069336]","[42.23678970336914,48.0814208984375,40.7888298034668,110.03242492675781]",null,"[40.80643844604492,46.88193893432617,40.36486053466797,106.9611587524414]","[40.80643844604492,46.88193893432617,40.36486053466797,106.9611587524414]"
2,18,pre_capture,"[""coverage"",""support"",""support"",""capture""]","[1.0,0.0,0.0,0.9940000176429749,0.0,0.0,0.0,0.0,1.0,1.0,0.0,0.0,0.0,1.0,0.0,0.0,0.0,1.0,0.0,0.0,0.0,0.0,0.0,0.0,0.0,0.0,1.0,0.0,0.0,0.0,0.0,0.0,0.0,0.0,0.0,0.0,0.0,0.0,0.0,0.0,0.0,0.0,0.0,0.0,0.0,0.0,0.0,0.0,0.0,0.0]","[4,4,4,4]","[-0.08937147259712219,0.05858979374170303,0.26231247186660767,0.0]",False,"[false,false,false,false]","[false,false,false,false]",pre_capture,"[1.0,0.0,0.0,0.9936666488647461,0.0,0.0,0.0,0.0,1.0,1.0,0.0,0.0,0.0,1.0,0.0,0.0,0.0,1.0,0.0,0.0,0.0,0.0,0.0,0.0,0.0,0.0,1.0,0.0,0.0,0.0,0.0,0.0,0.0,0.0,0.0,0.0,0.0,0.0,0.0,0.0,0.0,0.0,0.0,0.0,0.0,0.0,0.0,0.0,0.0,0.0]","[42.23678970336914,48.0814208984375,40.7888298034668,110.03242492675781]","[42.23994445800781,48.084877014160156,40.79624557495117,110.03173065185547]",null,"[41.26005935668945,47.26044845581055,40.51192855834961,107.93679809570312]","[41.26005935668945,47.26044845581055,40.51192855834961,107.93679809570312]"
2,19,pre_capture,"[""coverage"",""support"",""support"",""capture""]","[1.0,0.0,0.0,0.9936666488647461,0.0,0.0,0.0,0.0,1.0,1.0,0.0,0.0,0.0,1.0,0.0,0.0,0.0,1.0,0.0,0.0,0.0,0.0,0.0,0.0,0.0,0.0,1.0,0.0,0.0,0.0,0.0,0.0,0.0,0.0,0.0,0.0,0.0,0.0,0.0,0.0,0.0,0.0,0.0,0.0,0.0,0.0,0.0,0.0,0.0,0.0]","[4,4,4,4]","[-0.08937147259712219,0.043917201459407806,0.24724651873111725,0.0]",False,"[false,false,false,false]","[false,false,false,false]",pre_capture,"[1.0,0.0,0.0,0.9933333396911621,0.0,0.0,0.0,0.0,1.0,1.0,0.0,0.0,0.0,1.0,0.0,0.0,0.0,1.0,0.0,0.0,0.0,0.0,0.0,0.0,0.0,0.0,1.0,0.0,0.0,0.0,0.0,0.0,0.0,0.0,0.0,0.0,0.0,0.0,0.0,0.0,0.0,0.0,0.0,0.0,0.0,0.0,0.0,0.0,0.0,0.0]","[42.23994445800781,48.084877014160156,40.79624557495117,110.03173065185547]","[42.254127502441406,48.09428405761719,40.809654235839844,110.07493591308594]",null,"[41.74221420288086,47.65726089477539,40.6488037109375,108.97418975830078]","[41.74221420288086,47.65726089477539,40.6488037109375,108.97418975830078]"
